filename	tokens
corpus/tokenized/code/code_olmo-starcoder_0000	104427769064
corpus/tokenized/code/code_stack_0000	114051163723
corpus/tokenized/en/en_dolma-books_0000	5494262694
corpus/tokenized/en/en_dolma-pes2o_0000	62853772802
corpus/tokenized/en/en_dolma-reddit_0000	83015186637
corpus/tokenized/en/en_dolma-wiki_0000	3896965449
corpus/tokenized/en/en_dolmino-stackexchange_0000	1464772187
corpus/tokenized/en/en_finemath-4plus_0000	10335599308
corpus/tokenized/en/en_fineweb-eduscore2_CC-MAIN-2013-20	50367923673
corpus/tokenized/en/en_fineweb-eduscore2_CC-MAIN-2013-48	50105456641
corpus/tokenized/en/en_fineweb-eduscore2_CC-MAIN-2014-10	50893784693
corpus/tokenized/en/en_fineweb-eduscore2_CC-MAIN-2014-15	47389968100
corpus/tokenized/en/en_fineweb-eduscore2_CC-MAIN-2014-23	54519733799
corpus/tokenized/en/en_fineweb-eduscore2_CC-MAIN-2014-35	50886450914
corpus/tokenized/en/en_fineweb-eduscore2_CC-MAIN-2014-41	52655920104
corpus/tokenized/en/en_fineweb-eduscore2_CC-MAIN-2014-42	48603594891
corpus/tokenized/en/en_fineweb-eduscore2_CC-MAIN-2014-49	42634538597
corpus/tokenized/en/en_fineweb-eduscore2_CC-MAIN-2014-52	51018510892
corpus/tokenized/en/en_fineweb-eduscore2_CC-MAIN-2015-06	46901314097
corpus/tokenized/en/en_fineweb-eduscore2_CC-MAIN-2015-11	47906036961
corpus/tokenized/en/en_fineweb-eduscore2_CC-MAIN-2015-14	45153470853
corpus/tokenized/en/en_fineweb-eduscore2_CC-MAIN-2015-18	51449157579
corpus/tokenized/en/en_fineweb-eduscore2_CC-MAIN-2015-22	50752984060
corpus/tokenized/en/en_fineweb-eduscore2_CC-MAIN-2015-27	45195785033
corpus/tokenized/en/en_fineweb-eduscore2_CC-MAIN-2015-32	47180553255
corpus/tokenized/en/en_fineweb-eduscore2_CC-MAIN-2015-35	48066778781
corpus/tokenized/en/en_fineweb-eduscore2_CC-MAIN-2015-40	38398221577
corpus/tokenized/en/en_fineweb-eduscore2_CC-MAIN-2015-48	47538375533
corpus/tokenized/en/en_fineweb-eduscore2_CC-MAIN-2016-07	46403791985
corpus/tokenized/en/en_fineweb-eduscore2_CC-MAIN-2016-18	40514876731
corpus/tokenized/en/en_fineweb-eduscore2_CC-MAIN-2016-22	42356149376
corpus/tokenized/en/en_fineweb-eduscore2_CC-MAIN-2016-26	35074840807
corpus/tokenized/en/en_fineweb-eduscore2_CC-MAIN-2016-30	47380439484
corpus/tokenized/en/en_fineweb-eduscore2_CC-MAIN-2016-36	46515148492
corpus/tokenized/en/en_fineweb-eduscore2_CC-MAIN-2016-40	52452042539
corpus/tokenized/en/en_fineweb-eduscore2_CC-MAIN-2016-44	61150620188
corpus/tokenized/en/en_fineweb-eduscore2_CC-MAIN-2016-50	59562805380
corpus/tokenized/en/en_fineweb-eduscore2_CC-MAIN-2017-04	62940677049
corpus/tokenized/en/en_fineweb-eduscore2_CC-MAIN-2017-09	65020346384
corpus/tokenized/en/en_fineweb-eduscore2_CC-MAIN-2017-13	77026029611
corpus/tokenized/en/en_fineweb-eduscore2_CC-MAIN-2017-17	77766374003
corpus/tokenized/en/en_fineweb-eduscore2_CC-MAIN-2017-22	56866518208
corpus/tokenized/en/en_fineweb-eduscore2_CC-MAIN-2017-26	61494806303
corpus/tokenized/en/en_fineweb-eduscore2_CC-MAIN-2017-30	57202000653
corpus/tokenized/en/en_fineweb-eduscore2_CC-MAIN-2017-34	60331972072
corpus/tokenized/en/en_fineweb-eduscore2_CC-MAIN-2017-39	56681321257
corpus/tokenized/en/en_fineweb-eduscore2_CC-MAIN-2017-43	66276408292
corpus/tokenized/en/en_fineweb-eduscore2_CC-MAIN-2017-47	58756010529
corpus/tokenized/en/en_fineweb-eduscore2_CC-MAIN-2017-51	53779006744
corpus/tokenized/en/en_fineweb-eduscore2_CC-MAIN-2018-05	63416925718
corpus/tokenized/en/en_fineweb-eduscore2_CC-MAIN-2018-09	61179831410
corpus/tokenized/en/en_fineweb-eduscore2_CC-MAIN-2018-13	58546432434
corpus/tokenized/en/en_fineweb-eduscore2_CC-MAIN-2018-17	55123513677
corpus/tokenized/en/en_fineweb-eduscore2_CC-MAIN-2018-22	49355820777
corpus/tokenized/en/en_fineweb-eduscore2_CC-MAIN-2018-26	60355090882
corpus/tokenized/en/en_fineweb-eduscore2_CC-MAIN-2018-30	62336638382
corpus/tokenized/en/en_fineweb-eduscore2_CC-MAIN-2018-34	52507240631
corpus/tokenized/en/en_fineweb-eduscore2_CC-MAIN-2018-39	55574008179
corpus/tokenized/en/en_fineweb-eduscore2_CC-MAIN-2018-43	60567003193
corpus/tokenized/en/en_fineweb-eduscore2_CC-MAIN-2018-47	56351877023
corpus/tokenized/en/en_fineweb-eduscore2_CC-MAIN-2018-51	63171259130
corpus/tokenized/en/en_fineweb-eduscore2_CC-MAIN-2019-04	56365464138
corpus/tokenized/en/en_fineweb-eduscore2_CC-MAIN-2019-09	62007308507
corpus/tokenized/en/en_fineweb-eduscore2_CC-MAIN-2019-13	56860286556
corpus/tokenized/en/en_fineweb-eduscore2_CC-MAIN-2019-18	57602882256
corpus/tokenized/en/en_fineweb-eduscore2_CC-MAIN-2019-22	57919278846
corpus/tokenized/en/en_fineweb-eduscore2_CC-MAIN-2019-26	55290688254
corpus/tokenized/en/en_fineweb-eduscore2_CC-MAIN-2019-30	55473212179
corpus/tokenized/en/en_fineweb-eduscore2_CC-MAIN-2019-35	60830984000
corpus/tokenized/en/en_fineweb-eduscore2_CC-MAIN-2019-39	53478423796
corpus/tokenized/en/en_fineweb-eduscore2_CC-MAIN-2019-43	56894562377
corpus/tokenized/en/en_fineweb-eduscore2_CC-MAIN-2019-47	53533656485
corpus/tokenized/en/en_fineweb-eduscore2_CC-MAIN-2019-51	48905436968
corpus/tokenized/en/en_fineweb-eduscore2_CC-MAIN-2020-05	66714069724
corpus/tokenized/en/en_fineweb-eduscore2_CC-MAIN-2020-10	50396402149
corpus/tokenized/en/en_fineweb-eduscore2_CC-MAIN-2020-16	62830596644
corpus/tokenized/en/en_fineweb-eduscore2_CC-MAIN-2020-24	53729336394
corpus/tokenized/en/en_fineweb-eduscore2_CC-MAIN-2020-29	67957453232
corpus/tokenized/en/en_fineweb-eduscore2_CC-MAIN-2020-34	52980301932
corpus/tokenized/en/en_fineweb-eduscore2_CC-MAIN-2020-40	74104861830
corpus/tokenized/en/en_fineweb-eduscore2_CC-MAIN-2020-45	57929217170
corpus/tokenized/en/en_fineweb-eduscore2_CC-MAIN-2020-50	56786208929
corpus/tokenized/en/en_fineweb-eduscore2_CC-MAIN-2021-04	76371979724
corpus/tokenized/en/en_fineweb-eduscore2_CC-MAIN-2021-10	62898689443
corpus/tokenized/en/en_fineweb-eduscore2_CC-MAIN-2021-17	76958379125
corpus/tokenized/en/en_fineweb-eduscore2_CC-MAIN-2021-21	63082299765
corpus/tokenized/en/en_fineweb-eduscore2_CC-MAIN-2021-25	56860542140
corpus/tokenized/en/en_fineweb-eduscore2_CC-MAIN-2021-31	81949039995
corpus/tokenized/en/en_fineweb-eduscore2_CC-MAIN-2021-39	72119328479
corpus/tokenized/en/en_fineweb-eduscore2_CC-MAIN-2021-43	83559650838
corpus/tokenized/en/en_fineweb-eduscore2_CC-MAIN-2021-49	56090800013
corpus/tokenized/en/en_fineweb-eduscore2_CC-MAIN-2022-05	71853298465
corpus/tokenized/en/en_fineweb-eduscore2_CC-MAIN-2022-21	90644665227
corpus/tokenized/en/en_fineweb-eduscore2_CC-MAIN-2022-27	81624569210
corpus/tokenized/en/en_fineweb-eduscore2_CC-MAIN-2022-33	59724451486
corpus/tokenized/en/en_fineweb-eduscore2_CC-MAIN-2022-40	85482991628
corpus/tokenized/en/en_fineweb-eduscore2_CC-MAIN-2022-49	89892110053
corpus/tokenized/en/en_fineweb-eduscore2_CC-MAIN-2023-06	88790303421
corpus/tokenized/en/en_fineweb-eduscore2_CC-MAIN-2023-14	88374359906
corpus/tokenized/en/en_fineweb-eduscore2_CC-MAIN-2023-23	94715133500
corpus/tokenized/en/en_fineweb-eduscore2_CC-MAIN-2023-40	100018524512
corpus/tokenized/en/en_fineweb-eduscore2_CC-MAIN-2023-50	96549641227
corpus/tokenized/en/en_fineweb-eduscore2_CC-MAIN-2024-10	63409750616
corpus/tokenized/en/en_fineweb-eduscore2_CC-MAIN-2024-18	61436027554
corpus/tokenized/en/en_fineweb-eduscore2_CC-MAIN-2024-22	59214338687
corpus/tokenized/en/en_fineweb-eduscore2_CC-MAIN-2024-26	53921659739
corpus/tokenized/en/en_fineweb-eduscore2_CC-MAIN-2024-30	52739883660
corpus/tokenized/en/en_fineweb-eduscore2_CC-MAIN-2024-33	45173597156
corpus/tokenized/en/en_fineweb-eduscore2_CC-MAIN-2024-38	55094478521
corpus/tokenized/en/en_fineweb-eduscore2_CC-MAIN-2024-42	45952774352
corpus/tokenized/en/en_fineweb-eduscore2_CC-MAIN-2024-46	50332622250
corpus/tokenized/en/en_fineweb-eduscore2_CC-MAIN-2024-51	52735924476
corpus/tokenized/en/en_fineweb-rest_CC-MAIN-2013-20	101183224177
corpus/tokenized/en/en_fineweb-rest_CC-MAIN-2013-48	103098200749
corpus/tokenized/en/en_fineweb-rest_CC-MAIN-2014-10	102640270695
corpus/tokenized/en/en_fineweb-rest_CC-MAIN-2014-15	95020630644
corpus/tokenized/en/en_fineweb-rest_CC-MAIN-2014-23	109881651481
corpus/tokenized/en/en_fineweb-rest_CC-MAIN-2014-35	101972123666
corpus/tokenized/en/en_fineweb-rest_CC-MAIN-2014-41	105060249490
corpus/tokenized/en/en_fineweb-rest_CC-MAIN-2014-42	94528986165
corpus/tokenized/en/en_fineweb-rest_CC-MAIN-2014-49	80870231063
corpus/tokenized/en/en_fineweb-rest_CC-MAIN-2014-52	99421478317
corpus/tokenized/en/en_fineweb-rest_CC-MAIN-2015-06	90984269000
corpus/tokenized/en/en_fineweb-rest_CC-MAIN-2015-11	91959582504
corpus/tokenized/en/en_fineweb-rest_CC-MAIN-2015-14	85484723146
corpus/tokenized/en/en_fineweb-rest_CC-MAIN-2015-18	99495808518
corpus/tokenized/en/en_fineweb-rest_CC-MAIN-2015-22	96614344990
corpus/tokenized/en/en_fineweb-rest_CC-MAIN-2015-27	84931144536
corpus/tokenized/en/en_fineweb-rest_CC-MAIN-2015-32	89351430195
corpus/tokenized/en/en_fineweb-rest_CC-MAIN-2015-35	91852803613
corpus/tokenized/en/en_fineweb-rest_CC-MAIN-2015-40	72426613399
corpus/tokenized/en/en_fineweb-rest_CC-MAIN-2015-48	90303648219
corpus/tokenized/en/en_fineweb-rest_CC-MAIN-2016-07	87108105950
corpus/tokenized/en/en_fineweb-rest_CC-MAIN-2016-18	75742859667
corpus/tokenized/en/en_fineweb-rest_CC-MAIN-2016-22	78713853414
corpus/tokenized/en/en_fineweb-rest_CC-MAIN-2016-26	65196054111
corpus/tokenized/en/en_fineweb-rest_CC-MAIN-2016-30	87492029033
corpus/tokenized/en/en_fineweb-rest_CC-MAIN-2016-36	86055464086
corpus/tokenized/en/en_fineweb-rest_CC-MAIN-2016-40	97386234308
corpus/tokenized/en/en_fineweb-rest_CC-MAIN-2016-44	119534101318
corpus/tokenized/en/en_fineweb-rest_CC-MAIN-2016-50	114199388212
corpus/tokenized/en/en_fineweb-rest_CC-MAIN-2017-04	120092153117
corpus/tokenized/en/en_fineweb-rest_CC-MAIN-2017-09	123918617774
corpus/tokenized/en/en_fineweb-rest_CC-MAIN-2017-13	145027482629
corpus/tokenized/en/en_fineweb-rest_CC-MAIN-2017-17	150993949147
corpus/tokenized/en/en_fineweb-rest_CC-MAIN-2017-22	111973081268
corpus/tokenized/en/en_fineweb-rest_CC-MAIN-2017-26	126176717308
corpus/tokenized/en/en_fineweb-rest_CC-MAIN-2017-30	111238629660
corpus/tokenized/en/en_fineweb-rest_CC-MAIN-2017-34	131104915487
corpus/tokenized/en/en_fineweb-rest_CC-MAIN-2017-39	112779090543
corpus/tokenized/en/en_fineweb-rest_CC-MAIN-2017-43	137130659691
corpus/tokenized/en/en_fineweb-rest_CC-MAIN-2017-47	115766442753
corpus/tokenized/en/en_fineweb-rest_CC-MAIN-2017-51	114727406894
corpus/tokenized/en/en_fineweb-rest_CC-MAIN-2018-05	125187755341
corpus/tokenized/en/en_fineweb-rest_CC-MAIN-2018-09	124597759646
corpus/tokenized/en/en_fineweb-rest_CC-MAIN-2018-13	120402377671
corpus/tokenized/en/en_fineweb-rest_CC-MAIN-2018-17	109848450561
corpus/tokenized/en/en_fineweb-rest_CC-MAIN-2018-22	101215119974
corpus/tokenized/en/en_fineweb-rest_CC-MAIN-2018-26	117037405996
corpus/tokenized/en/en_fineweb-rest_CC-MAIN-2018-30	126958346767
corpus/tokenized/en/en_fineweb-rest_CC-MAIN-2018-34	101979873337
corpus/tokenized/en/en_fineweb-rest_CC-MAIN-2018-39	106354904636
corpus/tokenized/en/en_fineweb-rest_CC-MAIN-2018-43	116717493403
corpus/tokenized/en/en_fineweb-rest_CC-MAIN-2018-47	109569595936
corpus/tokenized/en/en_fineweb-rest_CC-MAIN-2018-51	125388343038
corpus/tokenized/en/en_fineweb-rest_CC-MAIN-2019-04	109086412630
corpus/tokenized/en/en_fineweb-rest_CC-MAIN-2019-09	115076400763
corpus/tokenized/en/en_fineweb-rest_CC-MAIN-2019-13	101697607741
corpus/tokenized/en/en_fineweb-rest_CC-MAIN-2019-18	104216498456
corpus/tokenized/en/en_fineweb-rest_CC-MAIN-2019-22	106103125067
corpus/tokenized/en/en_fineweb-rest_CC-MAIN-2019-26	101070222131
corpus/tokenized/en/en_fineweb-rest_CC-MAIN-2019-30	102305200276
corpus/tokenized/en/en_fineweb-rest_CC-MAIN-2019-35	111393682027
corpus/tokenized/en/en_fineweb-rest_CC-MAIN-2019-39	96146993104
corpus/tokenized/en/en_fineweb-rest_CC-MAIN-2019-43	103513104074
corpus/tokenized/en/en_fineweb-rest_CC-MAIN-2019-47	96418015360
corpus/tokenized/en/en_fineweb-rest_CC-MAIN-2019-51	87477260770
corpus/tokenized/en/en_fineweb-rest_CC-MAIN-2020-05	116902055026
corpus/tokenized/en/en_fineweb-rest_CC-MAIN-2020-10	89967685908
corpus/tokenized/en/en_fineweb-rest_CC-MAIN-2020-16	109574420348
corpus/tokenized/en/en_fineweb-rest_CC-MAIN-2020-24	97309210987
corpus/tokenized/en/en_fineweb-rest_CC-MAIN-2020-29	118010382032
corpus/tokenized/en/en_fineweb-rest_CC-MAIN-2020-34	91368645134
corpus/tokenized/en/en_fineweb-rest_CC-MAIN-2020-40	136382849619
corpus/tokenized/en/en_fineweb-rest_CC-MAIN-2020-45	104232372710
corpus/tokenized/en/en_fineweb-rest_CC-MAIN-2020-50	103741376039
corpus/tokenized/en/en_fineweb-rest_CC-MAIN-2021-04	137334474345
corpus/tokenized/en/en_fineweb-rest_CC-MAIN-2021-10	113616264414
corpus/tokenized/en/en_fineweb-rest_CC-MAIN-2021-17	135334784113
corpus/tokenized/en/en_fineweb-rest_CC-MAIN-2021-21	111280122971
corpus/tokenized/en/en_fineweb-rest_CC-MAIN-2021-25	105319711763
corpus/tokenized/en/en_fineweb-rest_CC-MAIN-2021-31	144442651639
corpus/tokenized/en/en_fineweb-rest_CC-MAIN-2021-39	126263133853
corpus/tokenized/en/en_fineweb-rest_CC-MAIN-2021-43	146325451697
corpus/tokenized/en/en_fineweb-rest_CC-MAIN-2021-49	102299673598
corpus/tokenized/en/en_fineweb-rest_CC-MAIN-2022-05	127229211073
corpus/tokenized/en/en_fineweb-rest_CC-MAIN-2022-21	156798862638
corpus/tokenized/en/en_fineweb-rest_CC-MAIN-2022-27	138681924149
corpus/tokenized/en/en_fineweb-rest_CC-MAIN-2022-33	106919988656
corpus/tokenized/en/en_fineweb-rest_CC-MAIN-2022-40	147505418378
corpus/tokenized/en/en_fineweb-rest_CC-MAIN-2022-49	152098945535
corpus/tokenized/en/en_fineweb-rest_CC-MAIN-2023-06	149532700263
corpus/tokenized/en/en_fineweb-rest_CC-MAIN-2023-14	151845686008
corpus/tokenized/en/en_fineweb-rest_CC-MAIN-2023-23	158366601187
corpus/tokenized/en/en_fineweb-rest_CC-MAIN-2023-40	157200294748
corpus/tokenized/en/en_fineweb-rest_CC-MAIN-2023-50	153380143010
corpus/tokenized/en/en_fineweb-rest_CC-MAIN-2024-10	100457190296
corpus/tokenized/en/en_fineweb-rest_CC-MAIN-2024-18	96773865597
corpus/tokenized/en/en_fineweb-rest_CC-MAIN-2024-22	93507627100
corpus/tokenized/en/en_fineweb-rest_CC-MAIN-2024-26	85135385061
corpus/tokenized/en/en_fineweb-rest_CC-MAIN-2024-30	84705277192
corpus/tokenized/en/en_fineweb-rest_CC-MAIN-2024-33	73196238311
corpus/tokenized/en/en_fineweb-rest_CC-MAIN-2024-38	86727219593
corpus/tokenized/en/en_fineweb-rest_CC-MAIN-2024-42	73119619586
corpus/tokenized/en/en_fineweb-rest_CC-MAIN-2024-46	79959804610
corpus/tokenized/en/en_fineweb-rest_CC-MAIN-2024-51	84278288389
corpus/tokenized/en/en_gsm8k_0000	2781710
corpus/tokenized/en/en_math_0000	2279471
corpus/tokenized/en/en_mathpile_0000	9176535715
corpus/tokenized/en/en_olmo-algebraicstack_0000	13280211413
corpus/tokenized/en/en_olmo-arxiv_0000	22219529548
corpus/tokenized/en/en_olmo-openwebmath_0000	13395295861
corpus/tokenized/en/en_wiki_0000	4744259830
corpus/tokenized/en-fineweb/en-fineweb_score15_0000	87382858609
corpus/tokenized/en-fineweb/en-fineweb_score15_0001	87983162911
corpus/tokenized/en-fineweb/en-fineweb_score15_0002	86898110797
corpus/tokenized/en-fineweb/en-fineweb_score15_0003	86079894304
corpus/tokenized/en-fineweb/en-fineweb_score15_0004	85783949431
corpus/tokenized/en-fineweb/en-fineweb_score15_0005	85664742431
corpus/tokenized/en-fineweb/en-fineweb_score15_0006	85853159085
corpus/tokenized/en-fineweb/en-fineweb_score15_0007	64388973363
corpus/tokenized/en-fineweb/en-fineweb_score15_0008	63804088056
corpus/tokenized/en-fineweb/en-fineweb_score15_0009	43218270257
corpus/tokenized/en-fineweb/en-fineweb_score16_0000	87432098700
corpus/tokenized/en-fineweb/en-fineweb_score16_0001	87817228801
corpus/tokenized/en-fineweb/en-fineweb_score16_0002	86692378983
corpus/tokenized/en-fineweb/en-fineweb_score16_0003	85929459997
corpus/tokenized/en-fineweb/en-fineweb_score16_0004	85776407086
corpus/tokenized/en-fineweb/en-fineweb_score16_0005	85822228637
corpus/tokenized/en-fineweb/en-fineweb_score16_0006	86058900978
corpus/tokenized/en-fineweb/en-fineweb_score16_0007	78532766543
corpus/tokenized/en-fineweb/en-fineweb_score17_0000	87595064819
corpus/tokenized/en-fineweb/en-fineweb_score17_0001	87690066098
corpus/tokenized/en-fineweb/en-fineweb_score17_0002	86413013191
corpus/tokenized/en-fineweb/en-fineweb_score17_0003	85975459491
corpus/tokenized/en-fineweb/en-fineweb_score17_0004	85931240036
corpus/tokenized/en-fineweb/en-fineweb_score17_0005	86100462669
corpus/tokenized/en-fineweb/en-fineweb_score17_0006	82767873624
corpus/tokenized/en-fineweb/en-fineweb_score18_0000	87803725042
corpus/tokenized/en-fineweb/en-fineweb_score18_0001	87503831336
corpus/tokenized/en-fineweb/en-fineweb_score18_0002	86360923533
corpus/tokenized/en-fineweb/en-fineweb_score18_0003	86036188910
corpus/tokenized/en-fineweb/en-fineweb_score18_0004	64673696017
corpus/tokenized/en-fineweb/en-fineweb_score18_0005	64716417780
corpus/tokenized/en-fineweb/en-fineweb_score18_0006	53671680055
corpus/tokenized/en-fineweb/en-fineweb_score19_0000	88033679576
corpus/tokenized/en-fineweb/en-fineweb_score19_0001	87061194596
corpus/tokenized/en-fineweb/en-fineweb_score19_0002	86285461968
corpus/tokenized/en-fineweb/en-fineweb_score19_0003	86315116327
corpus/tokenized/en-fineweb/en-fineweb_score19_0004	85007506809
corpus/tokenized/en-fineweb/en-fineweb_score20_0000	88238813652
corpus/tokenized/en-fineweb/en-fineweb_score20_0001	87182610823
corpus/tokenized/en-fineweb/en-fineweb_score20_0002	86442782841
corpus/tokenized/en-fineweb/en-fineweb_score20_0003	86534614572
corpus/tokenized/en-fineweb/en-fineweb_score20_0004	81306305707
corpus/tokenized/en-fineweb/en-fineweb_score21_0000	88275288496
corpus/tokenized/en-fineweb/en-fineweb_score21_0001	86935875383
corpus/tokenized/en-fineweb/en-fineweb_score21_0002	86612610673
corpus/tokenized/en-fineweb/en-fineweb_score21_0003	75618471035
corpus/tokenized/en-fineweb/en-fineweb_score22_0000	88428790465
corpus/tokenized/en-fineweb/en-fineweb_score22_0001	87114735860
corpus/tokenized/en-fineweb/en-fineweb_score22_0002	86744643728
corpus/tokenized/en-fineweb/en-fineweb_score22_0003	84391017465
corpus/tokenized/en-fineweb/en-fineweb_score23_0000	88377959954
corpus/tokenized/en-fineweb/en-fineweb_score23_0001	65232772136
corpus/tokenized/en-fineweb/en-fineweb_score23_0002	65238721997
corpus/tokenized/en-fineweb/en-fineweb_score23_0003	43569792226
corpus/tokenized/en-fineweb/en-fineweb_score24_0000	88379769553
corpus/tokenized/en-fineweb/en-fineweb_score24_0001	87047032443
corpus/tokenized/en-fineweb/en-fineweb_score24_0002	58403676615
corpus/tokenized/en-fineweb/en-fineweb_score25_0000	88542160974
corpus/tokenized/en-fineweb/en-fineweb_score25_0001	87180401690
corpus/tokenized/en-fineweb/en-fineweb_score25_0002	65322514272
corpus/tokenized/en-fineweb/en-fineweb_score26_0000	66476480337
corpus/tokenized/en-fineweb/en-fineweb_score26_0001	65470244892
corpus/tokenized/en-fineweb/en-fineweb_score26_0002	50424144779
corpus/tokenized/en-fineweb/en-fineweb_score27_0000	66591004569
corpus/tokenized/en-fineweb/en-fineweb_score27_0001	65564685416
corpus/tokenized/en-fineweb/en-fineweb_score27_0002	55949238107
corpus/tokenized/en-fineweb/en-fineweb_score28_0000	88297085715
corpus/tokenized/en-fineweb/en-fineweb_score28_0001	53919503304
corpus/tokenized/en-fineweb/en-fineweb_score29_0000	66402991536
corpus/tokenized/en-fineweb/en-fineweb_score29_0001	60034208085
corpus/tokenized/en-fineweb/en-fineweb_score30_0000	66504586684
corpus/tokenized/en-fineweb/en-fineweb_score30_0001	62786629615
corpus/tokenized/en-fineweb/en-fineweb_score31_0000	96512355443
corpus/tokenized/en-fineweb/en-fineweb_score32_0000	97566002683
corpus/tokenized/en-fineweb/en-fineweb_score33_0000	71711623749
corpus/tokenized/en-fineweb/en-fineweb_score34_0000	61306678510
corpus/tokenized/en-fineweb/en-fineweb_score35_0000	59527990360
corpus/tokenized/en-fineweb/en-fineweb_score36_0000	41424351165
corpus/tokenized/en-fineweb/en-fineweb_score37_0000	37975308943
corpus/tokenized/en-fineweb/en-fineweb_score38_0000	24436522649
corpus/tokenized/en-fineweb/en-fineweb_score39_0000	18014340088
corpus/tokenized/en-fineweb/en-fineweb_score40_0000	32740215055
corpus/tokenized/ja-dedup/ja-dedup_all_0000	69227233221
corpus/tokenized/ja-dedup/ja-dedup_all_0001	68911252275
corpus/tokenized/ja-dedup/ja-dedup_all_0002	68535112163
corpus/tokenized/ja-dedup/ja-dedup_all_0003	68924400085
corpus/tokenized/ja-dedup/ja-dedup_all_0004	68709359282
corpus/tokenized/ja-dedup/ja-dedup_all_0005	68464179070
corpus/tokenized/ja-dedup/ja-dedup_all_0006	69042712863
corpus/tokenized/ja-dedup/ja-dedup_all_0007	68702821197
corpus/tokenized/ja-dedup/ja-dedup_all_0008	68969265735
corpus/tokenized/ja-dedup/ja-dedup_all_0009	68983799934
corpus/tokenized/ja/ja_fineweb2_0000	70938851041
corpus/tokenized/ja/ja_fineweb2_0001	71955921328
corpus/tokenized/ja/ja_fineweb2_0002	72650723126
corpus/tokenized/ja/ja_fineweb2_0003	65348791066
corpus/tokenized/ja/ja_wiki_0000	1281902154
corpus/tokenized/ko/ko_fineweb2_0000	51780848623
corpus/tokenized/ko/ko_wiki_0000	316296219
corpus/tokenized/zh/zh_fineweb2_0000	190309158473
corpus/tokenized/zh/zh_fineweb2_0001	192160217528
corpus/tokenized/zh/zh_fineweb2_0002	191629318921
corpus/tokenized/zh/zh_fineweb2_0003	198652395168
corpus/tokenized/zh/zh_fineweb2_0004	15248244538
corpus/tokenized/zh/zh_wiki_0000	840277331
